id,asin,review_id,review_title,review_comment,review_star_rating,review_link,review_author,review_date,is_verified_purchase,helpful_vote_statement,review_images,date
1763666021,B0DXPL5XHF,R35PTHJAYAIGAL,Premium Earbud,"1. Premium look 2. Sound superb 3. Battery long life 4. Price is also good 5. ANC mode is also perfect. It adjust as per the environment Overall, it is a fantastic product with great features. Must buy without hesitate. Don't think to much while buying this product. Amazon packaging was also nice. I will give 10 out of 10",5.0,https://www.amazon.in/gp/customer-reviews/R35PTHJAYAIGAL,Izaz Ahmed,Reviewed in India on 4 November 2025,1,5 people found this helpful,[],2025-11-20T19:13:41.442335
1763666021,B0DXPL5XHF,R3EQNZ7NUHY0JI,A complete premium class product!!,"I must say this product has a complete different vibe as compared to any other I have used till date. As soon as you plugin , you forget the world around you and you go into a trance mode cut out from rest of the world. Spatial sound feels so premium and each beats you feel it. Looks are also very classy and it works perfectly without any hassle. ANC mode is too good as well. You get complete hassle free call quality without any outside noise interference. I highly recommend this product. This truly is a game changer at this price segment.",5.0,https://www.amazon.in/gp/customer-reviews/R3EQNZ7NUHY0JI,ROHIT ,Reviewed in India on 22 October 2025,1,3 people found this helpful,[],2025-11-20T19:13:41.442367
1763666021,B0DXPL5XHF,RTAG9DLG0M2EZ,But have a little bit of defect in ear play mode .,"The boAt Nirvana Zenith Pro is a phenomenal value proposition, offering premium-tier featuresâ€”spatial audio, LDAC, robust ANC, long battery life, and AI-powered callingâ€”at an unbeatable sub-â‚¹3,000 price. Whether you're a gamer, binge-watcher, or commuter, these earbuds deliver much more than their price suggests.",4.0,https://www.amazon.in/gp/customer-reviews/RTAG9DLG0M2EZ,Tuhin karmakar,Reviewed in India on 31 August 2025,1,One person found this helpful,[],2025-11-20T19:13:41.442419
1763666021,B0DXPL5XHF,R2LXQZWVM7F432,High quality product at right price,Great quality product. Sound quality is excellent. Charges really fast. Use it to connect with my Samsung 25 ultra and laptop at the dame time. Using it for few months now and its working really good so far.,5.0,https://www.amazon.in/gp/customer-reviews/R2LXQZWVM7F432,Ashok Sharma,Reviewed in India on 3 November 2025,1,One person found this helpful,[],2025-11-20T19:13:41.442472
1763666021,B0DXPL5XHF,RGQJZGPGR49OJ,King of Battery Life with Great Sound (Value for Money!),"I've been using the boAt Nirvana Zenith Pro and I'm genuinely impressed for the price. The biggest win here is the battery lifeâ€”it seriously lasts forever. You can go days without worrying about charging the case, which is a huge plus. The sound quality is fantastic if you like a strong, punchy bass. It's perfect for pop, hip-hop, and watching movies because the Spatial Audio feature makes everything sound immersive. The Active Noise Cancellation (ANC) works very well for blocking out sounds like fans, A/C, and general indoor chatter, making your commute much quieter. The only real downside is the ANC struggles a bit with loud, sudden noises outdoors, and the system voice announcements are quite loud. Verdict: If you want incredible battery life, heavy bass, and good features like ANC and LDAC without spending a fortune, these are a top choice. Great value for money!",5.0,https://www.amazon.in/gp/customer-reviews/RGQJZGPGR49OJ,Sai Meduri,Reviewed in India on 9 October 2025,1,One person found this helpful,[],2025-11-20T19:13:41.442498
1763666021,B0DXPL5XHF,R3IUXJ6VXYOFMO,"Nice product, do give it a try!","I'd say just hit the buy button because the features it is offering at such a good price is outstanding. Other brands charge like almost double for all these features. All the features mentioned works like a charm. Also the looks stand out compared to other competitive products. # There's just one con that the ""NIRVANA"" badging on the case is not of very good quality as the letters come out after some days due to poor quality glue used. Solution - 1: Either you remove all the letter then it would look good as nirvana is engraved on the case where the letters stick. Solution - 2: Or apply feviquick with the help of a needle and stick the letters again and it's never gonna get off ever again. My final recommendation to you would be that if you fix the minor con than the product is great.",5.0,https://www.amazon.in/gp/customer-reviews/R3IUXJ6VXYOFMO,Mukul Verma,Reviewed in India on 24 September 2025,1,One person found this helpful,"[""https://m.media-amazon.com/images/I/71gfVZXRnCL.jpg"", ""https://m.media-amazon.com/images/I/71HUycCL3iL.jpg""]",2025-11-20T19:13:41.442549
1763666021,B0DXPL5XHF,R2CJCWMZ3Q12B7,High quality with low price,"Sound effects, special audio and the anc vas good",5.0,https://www.amazon.in/gp/customer-reviews/R2CJCWMZ3Q12B7,D hunder,Reviewed in India on 13 November 2025,1,,[],2025-11-20T19:13:41.442592
1763666021,B0DXPL5XHF,R1SOGAGMM8JRRM,Check before buying,"Boat Zenith Pro Review â€“ My Experience Overall, the product is really good in terms of build quality, sound and features. It performs smoothly when connected with Android devices, and I didnâ€™t face any major issues there. However, if you are using an iPhone, keep in mind that the performance is not as smooth: â€¢ Connectivity feels a bit unstable sometimes â€¢ Features donâ€™t work as seamlessly as they do on Android âœ… Pros â€¢ Premium look & feel â€¢ Good sound quality â€¢ Works well with Android âš ï¸ Cons â€¢ Not fully optimized for iOS / iPhone users ðŸ“Œ Verdict: Worth buying if you are an Android user. For iPhone users, it works, but the experience is not as smooth.",4.0,https://www.amazon.in/gp/customer-reviews/R1SOGAGMM8JRRM,Fazir,Reviewed in India on 4 August 2025,1,7 people found this helpful,[],2025-11-20T19:13:41.442615
1763666023,B0DGV56J6G,R33RDR3FDMIZ0K,"Very Comfortable, doesnâ€™t look odd while wearing","Loved it! These are my first OES. Initially you might feel a little different while wearing them but trust me they are super light and comfortable. They are loud enough for an open ear system! I had this doubt that as its an open ear system so people might hear what Iâ€™m listening to, but someone has to lean into your ear to hear what youâ€™re listening to, so itâ€™s quite safeðŸ˜‚. Else, itâ€™s value for money for sure, good sound quality and good enough ENC.",5.0,https://www.amazon.in/gp/customer-reviews/R33RDR3FDMIZ0K,Rrahul Gandhi,Reviewed in India on 18 September 2025,1,7 people found this helpful,"[""https://m.media-amazon.com/images/I/61wDhKkGm4L.jpg"", ""https://m.media-amazon.com/images/I/616a1kKSafL.jpg"", ""https://m.media-amazon.com/images/I/61D-Mp5mxqL.jpg""]",2025-11-20T19:13:43.947507
1763666023,B0DGV56J6G,R1IHYC6ZOQYSS8,MIC & Sound is Worst,sound & mic quality was toooooo worst. don't buy this. with in few months it is not working suddenly. the company make a replace of it. But still the product is not gud. Don't waste your money by its look. During calls/meetings the other side persons are not happy until I disconnected this earbuds. complaining nothing is audible. saying i am speaking tooo far from the mic. even 1 Star I am give for its body quality.,1.0,https://www.amazon.in/gp/customer-reviews/R1IHYC6ZOQYSS8,rajanikanth,Reviewed in India on 2 November 2025,1,2 people found this helpful,[],2025-11-20T19:13:43.947548
1763666023,B0DGV56J6G,R2ABFKTL0J58PW,My type,Great product,5.0,https://www.amazon.in/gp/customer-reviews/R2ABFKTL0J58PW,Viraj S.,Reviewed in India on 7 November 2025,1,,[],2025-11-20T19:13:43.947576
1763666023,B0DGV56J6G,R1BT4JMSCZBC5L,Good product..,"Okay product, suitable for my ears who cannot accommodate regular ear buds.. My reviews: 1. The product, its design in itself is good.. It's battery back-up is unbelievably large as compared to its size. 2. It fits in any kind of ear and shows a good balance between music and environmental awareness. 3. It has an impressive Mike- that captures your voice.. Yet they cannot catch the low intensity voice. Some drawbacks and suggestions. 1. There is no problem with the air clips but the case has its own problems- like it does not show how much battery is remaining in it. 2. The magnets are loose so one needs to adjust the airclips inside the after placing them. 3. The airclips get automatically connected with the device even when they are inside the case and the case is in your pocket!-because the magnets are loose! 4. As the case is tiny, it's power backup is less. (The battery's shelf-life also seems to be less.) Else all is fine.. A recommended product for the people like me whose ears do not accept the regular ear buds. 6. Has a weak connection capacity. When I contacted the customer service phone number, they immediately reverted and after receive the complaint in the proper formal way, an assistant called me, talked to me for 15 minutes and guided me with a procedure. The Customer service also seems promptðŸ‘",4.0,https://www.amazon.in/gp/customer-reviews/R1BT4JMSCZBC5L,Shraddha Kanetkar,Reviewed in India on 26 May 2025,1,13 people found this helpful,[],2025-11-20T19:13:43.947589
1763666023,B0DGV56J6G,R25F40XNAHGNGP,Poor customer service and defective product,"Defective product. Amazon directed to Noise customer care. Noise CC picked up the product to their service centre, after keeping it there for 1 week, and returned the same product without any fix. No feedback call afterwards or follow-up. Now I need to again follow the same process again, and I don't believe it will help. The issue I am facing is that the charging case always shows a red light even it is fully charged.",1.0,https://www.amazon.in/gp/customer-reviews/R25F40XNAHGNGP,Amazon Customer,Reviewed in India on 17 October 2025,1,3 people found this helpful,[],2025-11-20T19:13:43.947649
1763666023,B0DGV56J6G,R1UNTOUU61922F,My Review of Noise Pure Pods (Power Black),"I bought these earbuds yesterday, and honestly, Iâ€™m super impressed with them so far. ðŸ”‹ Battery Life: The claim of up to 80 hours seems true â€” I used them almost the whole day, and the battery barely moved. Thatâ€™s a huge relief compared to my old earbuds. ðŸŽ¶ Sound Quality: The 16mm custom drivers make a real difference. The bass feels punchy, vocals are clear, and the overall balance is perfect whether itâ€™s music, movies, or even phone calls. ðŸŽ§ Noise Cancellation: The Environmental Noise Cancellation works well, especially during calls. Even in a noisy background, the person on the other side could hear me clearly. ðŸ’¦ Build & Comfort: The ear hook design (Pure Band) makes them sit securely on the ears, which is great for workouts or biking. Plus, the IPX5 water resistance means I donâ€™t have to worry about sweat or rain. âš¡ First Impression: For something I just bought, the comfort, sound quality, and battery life are way above my expectations. The matte black design also looks very premium. ðŸ‘‰ Verdict (Day 1): Totally worth the price! If they perform this good on the first day, Iâ€™m excited to see how they hold up in the long run.",5.0,https://www.amazon.in/gp/customer-reviews/R1UNTOUU61922F,Manish Ambekar,Reviewed in India on 8 September 2025,1,13 people found this helpful,"[""https://m.media-amazon.com/images/I/61wSwy+Z2vL.jpg""]",2025-11-20T19:13:43.947678
1763666023,B0DGV56J6G,R12QB7DCHG2HRU,Good product but not that good and loud enough sound quality,Cool product and sound quality is also quite good but they should increase the quality of sound and also need to increase more volume strength cause it is only hearable when in quiet place not in public places or little bit noise place and good quality of earbuds but not that good quality of charging case cause it gets scratches even while its in pocket where as pocket is totally empty except case,3.0,https://www.amazon.in/gp/customer-reviews/R12QB7DCHG2HRU,Atharva,Reviewed in India on 4 November 2025,1,One person found this helpful,[],2025-11-20T19:13:43.947732
1763666023,B0DGV56J6G,R38U3RU365YIES,Accessories Missing,"Dear Seller, I recently purchased the Open Wearable Stereo headphones and I'm happy with the product overall. Everything is working well and was delivered in good condition. However, I noticed that the *soft carry bag* or we can say *pouch*, which are usually included for storing and handling the headphones, were missing from the package. I kindly request you to look into this and assist in sending the missing accessories at your earliest convenience. Thank you for your support.",5.0,https://www.amazon.in/gp/customer-reviews/R38U3RU365YIES,Pooja Nipanikar,Reviewed in India on 15 November 2025,1,,"[""https://m.media-amazon.com/images/I/61A8ZsojbNL.jpg""]",2025-11-20T19:13:43.947759
1763666026,	B0DN171184,R2JRG4NAMI1AC8,Crisp & Clear Audio,"Voice Quality is Crisp Clear & Awsome. Good Noice Cancellation. Calling quality is among the best. Noice Cancellation while calling is superior. Easily lasts 2 Weeks without any charging, with case. Value for money among the competitors. Not for heavy bass listeners. App size could be small. Connectivity is super quick & also can be used 2 devices at a time",5.0,https://www.amazon.in/gp/customer-reviews/R2JRG4NAMI1AC8,Sahaus Sandhu,Reviewed in India on 15 November 2025,1,One person found this helpful,[],2025-11-20T19:13:46.647433
1763666026,	B0DN171184,R1U94V0VTNY2OJ,"Ordered second time, as good call quality and average sound and best battery","Product Review for boAt Nirvana Ion True Wireless Earbuds I recently purchased the boAt Nirvana Ion True Wireless Earbuds, and after using them for a while, hereâ€™s my detailed review. Design & Comfort (4.5/5) The earbuds come in a sleek, pebble-shaped charging case with an LED indicator, giving them a premium look. The matte finish on the earbuds provides a solid grip, and they feel comfortable in the ears, even during long listening sessions. Multiple ear tip sizes ensure a snug fit. Audio Performance (4.5/5) The 10mm drivers deliver powerful sound with dual EQ modes â€“ boAt Signature Sound for deep bass lovers and Balanced Mode for a more natural sound. The Crystal Bionic Sound with HiFiÂ® DSP enhances audio clarity, making music and calls sound crisp. Battery Life (5/5) One of the best features of these earbuds is their 120-hour battery life (including the case). Each earbud lasts 24 hours on a single charge, which is impressive. This makes them perfect for long trips without worrying about frequent charging. Call Quality & Connectivity (4/5) The quad-mic setup with ENxâ„¢ technology significantly reduces background noise during calls. The person on the other end hears your voice clearly. The earbuds support Bluetooth 5.2, ensuring a stable connection with no noticeable lag. Gaming & Additional Features (4/5) With a 60ms low-latency mode, gaming and watching videos are smooth, with minimal audio delay. They also feature in-ear detection, pausing playback when removed from the ears, which is a convenient touch. Final Verdict (4.5/5) The boAt Nirvana Ion earbuds offer excellent sound, a stylish design, and an unmatched battery life at an affordable price. If youâ€™re looking for budget-friendly earbuds with premium features, these are a great choice. Pros: âœ”ï¸ Excellent battery life (120 hours) âœ”ï¸ Great sound with dual EQ modes âœ”ï¸ Comfortable fit and premium design âœ”ï¸ Low-latency mode for gaming âœ”ï¸ Clear call quality with quad mics Cons: âŒ No Active Noise Cancellation (ANC) âŒ Touch controls could be more responsive Would I recommend it? Absolutely! Great value for money, especially for music lovers and travelers",4.0,https://www.amazon.in/gp/customer-reviews/R1U94V0VTNY2OJ,deepak gupta,Reviewed in India on 23 February 2025,1,4 people found this helpful,[],2025-11-20T19:13:46.647461
1763666026,	B0DN171184,R11MLXIFRWIO1Y,Strongly Recommending Nirvana Ion ANC,"First time using any earbud. It was recommended by one of my friend. Ordered it. Was using it for little more than1 hr everyday for last 14 days. Pros: 1. Sounds great. Boat's signature sound which is bass boosted feels great. 2. Boat Hearables app also customizes best suitable audio type only for you with its amazing hearing test. Apart from that you get to adjust your audio on your own. Sound gets 8.5/10 from me. 3. Other side of the phone says crystal clear sound they can hear from me. Works great even in very low tone. Clarity worked damn well even in fish market, traffic, puja pandals with loud mikes. Will rate 10/10 on calling clarity. 4. Great touch features. Next song, previous song, pause, anc mode> anc off> ambient mode, signature sound> balanced sound, call receive and cut etc are smoothy operative from touch features. For volume only you need to open phone. Touch gets 9/10 from me. 5. Charged 1st time and dat was the last time since these 14days. Battery status 100% in both buds and 91% in case. Terrific battery life. Gets 10/10. 6. In ear detection is great. Music/video pause when ear bud is taken out of ear. 7. Fits great in my ear. Does not get loose while running. 3types of rubber is given with the box for your ear type. 8. Ambient Feature is absolutely good thing while you are walking in road or traffic, you need to hear the sourround too. However, it should work with lesser dB sound too. As it seems it working in short distance when the vehile has approached considerably. If it is a truck/bus the noise/horn is louder from long back so you get time to be aware. But if it is a car or bike unless it horns you wont be able to be aware well in advanced. This thing I dnt know may not be expected in this low budget. Even with out the earbuds been connected to bluetooth it reduces the sourrounding sound considerably without ambident mode on. Cons: Just one con I must admit is the Boat Hearable app. It does not work without GPS. However there is absolutely no necessity of this app to be installed if you are pretty happy with the boats signature sound/ balanced sound. Only if you want to customize your auido you need it. Also, you need it if you want to turn on/off the feature for mutiple device connections. Did not use that feature yet. Conclusion: I strongly recommend it. Sounds great for me.",5.0,https://www.amazon.in/gp/customer-reviews/R11MLXIFRWIO1Y,krishnendu pal,Reviewed in India on 23 September 2025,1,23 people found this helpful,[],2025-11-20T19:13:46.647543
1763666029,B0DHH96NBB,R325NUMP4MDCDO,Best product !!!,"Amazing product. The sound , noise cancelation feature impeccable. Especially at great cost. The design , functionality, everything is too good. The battery life is something I have never seen before. Great purchase !!!",5.0,https://www.amazon.in/gp/customer-reviews/R325NUMP4MDCDO,Abid Khan,Reviewed in India on 8 August 2025,1,3 people found this helpful,[],2025-11-20T19:13:49.173848
1763666029,B0DHH96NBB,RVWUZXI6IGZQY,worst product from noise,"Product is not good as shown in am facing a connectivity issue I will not automatically disconnect while in case and there is no year sensing birds. They show that if you remove your birds from here, it will sense and it will pass the music or the video thatâ€™s not working and they act will never connect with this earbuds. I will never detect the earbuds. There is an issue with that app also I think who are planning to buy this go to JBL. I prefer that I am returning this product and I am going to JBL only.",1.0,https://www.amazon.in/gp/customer-reviews/RVWUZXI6IGZQY,Gowda,Reviewed in India on 9 November 2025,1,One person found this helpful,[],2025-11-20T19:13:49.173872
1763666029,B0DHH96NBB,R2UV1FW64F7OC,Good earbuds.....,"The design is also good, the sound quality is also good, the battery is also working well, it is not value for money, the ANC function also works well, the sound quality is also balanced.",4.0,https://www.amazon.in/gp/customer-reviews/R2UV1FW64F7OC,Not premium quality,Reviewed in India on 23 August 2025,1,,"[""https://m.media-amazon.com/images/I/61J2L9vmZxL.jpg"", ""https://m.media-amazon.com/images/I/61JTN4dLOAL.jpg""]",2025-11-20T19:13:49.173908
1763666029,B0DHH96NBB,R246RXFT7EXN1,Noise cancellation is on point,Noise cancellation is on point.,5.0,https://www.amazon.in/gp/customer-reviews/R246RXFT7EXN1,Vignesh Labam,Reviewed in India on 14 November 2025,1,,[],2025-11-20T19:13:49.173930
1763666029,B0DHH96NBB,R3SHTUPU17P1YB,Pathetic product,The product was defective the right buds discharges very quick. The case does not closes properly due to which the buds do not disconnect. They are not app compatible. The company doesn't even allow a refund they will replace not refund. How to trust them again when they sent first product turned out defective. First product from noise and highly disappointed.,1.0,https://www.amazon.in/gp/customer-reviews/R3SHTUPU17P1YB,Hemant sachwani,Reviewed in India on 12 October 2025,1,One person found this helpful,[],2025-11-20T19:13:49.173945
1763666029,B0DHH96NBB,R1ASI0IICFEH6C,Vale for money for its ANC,ANC is quite good. It can be felt immediately. Sound quality also quite good. No pain in wearing for long duration. I am able to connect to my laptop and mobile at the same moment i.e. 2 devices simultaneously. Magnet strength good. Light weight.,5.0,https://www.amazon.in/gp/customer-reviews/R1ASI0IICFEH6C,Sudeep Kumar Agarwal,Reviewed in India on 9 May 2025,1,One person found this helpful,[],2025-11-20T19:13:49.173973
1763666029,B0DHH96NBB,R1L9L1YGZ2WTBN,Excellent,Excellent,5.0,https://www.amazon.in/gp/customer-reviews/R1L9L1YGZ2WTBN,abhishekraj,Reviewed in India on 15 September 2025,1,,[],2025-11-20T19:13:49.173985
1763666029,B0DHH96NBB,RS2KFIWVFL9TI,Cld be better,Pros The volume on this is really loud and clear as it has 12.4 mm drivers. Looks elegant Excellent ANC Cons Bass cld be better No app support. This is a striking point tht even after spending so much there's no app support when actually they have a app but it's functionality is for the lower version earbuds 6 which is infact 500 cheaper than this one. I don't know the logic behind this. Also voice activated controls are absent.,3.0,https://www.amazon.in/gp/customer-reviews/RS2KFIWVFL9TI,Yash,Reviewed in India on 25 May 2025,1,One person found this helpful,[],2025-11-20T19:13:49.173993
1763666031,	B0DBHD2F5R,R15APISLNWETEW,VFM product,"Ordered this product on the launch date, unsure about the audio quality of this specific earbuds. But had a trust on boat. Not disappointed. Considering the price audio quality is good. Can be compared with earbuds in 5k+ range. ANC is good. Spatial audio works fine. Head tracking is okay. It's not awesome and at the same time not bad as well. Ear detection is quick and flawless unlike a few earbuds that mistakes heavy or sudden head movements and pauses the audio. Decent battery backup. Pros: â€¢Looks good â€¢VFM â€¢Good sound quality â€¢App provides personalised audio output based on our hearing capabilities. Cons â€¢Matte white case gets dirty easily. It's like a dirty magnet. â€¢Case is kinda big. â€¢Mode change and other announcements are always at full volume. Hope it gets resolved in further software updates. Summary This is a great product under 3k. Comes with good amount of features for this price. Delivers crisp and clear audio and is super affordable. Go for it.",5.0,https://www.amazon.in/gp/customer-reviews/R15APISLNWETEW,Krishna,Reviewed in India on 5 September 2024,1,13 people found this helpful,"[""https://m.media-amazon.com/images/I/71xo4CuuigL.jpg"", ""https://m.media-amazon.com/images/I/7177ERphkLL.jpg"", ""https://m.media-amazon.com/images/I/61PELD4oeZL.jpg""]",2025-11-20T19:13:51.513729
1763666031,	B0DBHD2F5R,R1NYREKDLDGXP,Good,"Nice one, all sounds are goods especially spacial mode was good",5.0,https://www.amazon.in/gp/customer-reviews/R1NYREKDLDGXP,P. MANIKANDAN,Reviewed in India on 8 November 2025,1,,[],2025-11-20T19:13:51.513768
1763666031,	B0DBHD2F5R,R3LS0ZUGB7O8HA,Not worth it. Dead within a year,Dead in one year. Was a good product.,1.0,https://www.amazon.in/gp/customer-reviews/R3LS0ZUGB7O8HA,Mukul,Reviewed in India on 10 November 2025,1,,[],2025-11-20T19:13:51.513778
1763666031,	B0DBHD2F5R,R18WHN07LTO69P,At ANC or spatial audio mode battery drains quickly,Overall the case quality and sound quality is very nice the anc mode perfectly being used and spatial audio is the must use feature if you are watching movie or any shows. All the features listed are truly satisfied but if you use spatial audio or ANC mode the battery of the buds will draing quickly and the ear detection feature also works properly... Highly recommend earbuds but when i put on the buds for too long it slightly pains it might my ears alignment but btw the buds are very good if you willing to buy any erabuds under 3000 this is the best,4.0,https://www.amazon.in/gp/customer-reviews/R18WHN07LTO69P,Aditya Giramkar,Reviewed in India on 30 June 2025,1,,[],2025-11-20T19:13:51.513786
1763666031,	B0DBHD2F5R,R2MORZUEPGHL2Z,Its good enough,"The Nirvana Ivy earbuds offer excellent value, packing premium features like 360Â° Spatial Audio with dynamic head tracking and up to 50dB Active Noise Cancellation into an affordable package. The sound is generally good, with an emphasis on bass, and the 11mm drivers deliver a rich audio experience. Battery life is impressive, offering up to 50 hours with the case and a quick charge feature. While some users might find the fit a bit wide or notice slight distortion at high volumes, the overall package, including IPX5 water resistance and app customization, makes them a strong contender for budget-conscious users seeking immersive audio.",5.0,https://www.amazon.in/gp/customer-reviews/R2MORZUEPGHL2Z,Taj kumar Baskey,Reviewed in India on 20 July 2025,1,,"[""https://m.media-amazon.com/images/I/61-jECQq61L.jpg""]",2025-11-20T19:13:51.513803
1763666031,	B0DBHD2F5R,RZOVMEURVJT5T,Excellent Value and Sound Quality!,"I recently purchased the Nirvana Boat Ivy and have been really impressed with its performance. The sound quality is crisp with decent bass for its size, and it easily fills a room. The Bluetooth connectivity is quick and stable, and I haven't experienced any lag or drops so far. The design is sleek and modernâ€”compact enough to carry around but sturdy enough to feel premium. Battery life is impressive; it easily lasts for hours on a single charge, which makes it perfect for both indoor and outdoor use. One thing I really appreciate is the ease of useâ€”the controls are intuitive, and pairing was seamless. Overall, this is a great Bluetooth speaker in its price range and definitely worth the buy. Highly recommended for music lovers looking for portability without compromising on quality!",5.0,https://www.amazon.in/gp/customer-reviews/RZOVMEURVJT5T,Kush ,Reviewed in India on 15 May 2025,1,One person found this helpful,[],2025-11-20T19:13:51.513821
1763666031,	B0DBHD2F5R,R367W0ATLGPS2Y,Good but...,"The ANC Mode for this earbuds are good and reliable but the overall touch responsiveness and in ear controls are not always on point, in my first day use itself I faced touch issues and when I plug out my earphones the music doesn't stop playing. The sound quality and bass for the earphones are good for its price range, don't expect premium quality sound like JBL and Sony, but for the price range it's good. The head detection and spatial sound feature is really an experience, that's a good feature implemented in these earbudsThe only issue I had is with the touch response and in ear detection. Overall I'll give it a 3.5 out of 5",3.0,https://www.amazon.in/gp/customer-reviews/R367W0ATLGPS2Y,Nandakrishnan,Reviewed in India on 23 January 2025,1,2 people found this helpful,"[""https://m.media-amazon.com/images/I/51FqclsW8rL.jpg"", ""https://m.media-amazon.com/images/I/51gfuSknoHL.jpg"", ""https://m.media-amazon.com/images/I/51Kk7zfliNL.jpg""]",2025-11-20T19:13:51.513843
1763666031,	B0DBHD2F5R,RB6G0OL4NH99Q,Very nice and very cool products,Nice sound,5.0,https://www.amazon.in/gp/customer-reviews/RB6G0OL4NH99Q,hardik panchal,Reviewed in India on 13 November 2025,1,,[],2025-11-20T19:13:51.513862
1763666034,	B0F673HNLP,R2FJ0GSPYNOG2I,Just wow!!,"I loved the product especially it's design n confortness is too good. Nice products and beautiful. Comfort is good and also audio is on top. Design is very good.charging capacity also excellent. Clips are easy to wear.and body of buds is excellent.Excellent Build Quality, sturdy fitting in Ears, Good Voice Quality, Better for Continuous Head Phone users. Easy to pair the airclips.",5.0,https://www.amazon.in/gp/customer-reviews/R2FJ0GSPYNOG2I,Maan Ghori,Reviewed in India on 8 August 2025,1,2 people found this helpful,"[""https://m.media-amazon.com/images/I/61VslS9I1FL.jpg"", ""https://m.media-amazon.com/images/I/61dm1pU0WvL.jpg""]",2025-11-20T19:13:54.211611
1763666034,	B0F673HNLP,RIRUUBOL7T3AI,zero quality,"I am very disappointed with this product. It is not worth the price at all. Within just one week of purchase, it stopped working completely. The build quality and performance do not match the claims made. Definitely not recommended.",1.0,https://www.amazon.in/gp/customer-reviews/RIRUUBOL7T3AI,sunil.v,Reviewed in India on 10 September 2025,1,6 people found this helpful,"[""https://m.media-amazon.com/images/I/71nXLo9p6hL.jpg"", ""https://m.media-amazon.com/images/I/615r2+UfgRL.jpg""]",2025-11-20T19:13:54.211632
1763666034,	B0F673HNLP,R3NY8Y167O2GCD,Great quality,"These noise earbuds are fantastic! The sound quality is surprisingly rich with clear highs and punchy bass, making music truly enjoyable. Although I have used other brands but These one fits comfortably and stay secure even during workouts. Battery life is impressive, lasting through long listening sessions. Plus, the quick connectivity and have good mic quality and reliable performance make them a joy to use daily. Definitely a good choice for the price",5.0,https://www.amazon.in/gp/customer-reviews/R3NY8Y167O2GCD,Shefali,Reviewed in India on 2 August 2025,1,7 people found this helpful,[],2025-11-20T19:13:54.211646
1763666034,	B0F673HNLP,R1DUBKABNZYRLX,Do not waste your money...,quality of audio... suddenly left side of clip stop working. not connected properly... connection and the touch sensor not working...,1.0,https://www.amazon.in/gp/customer-reviews/R1DUBKABNZYRLX,Rohit Nagargoje,Reviewed in India on 26 October 2025,1,4 people found this helpful,[],2025-11-20T19:13:54.211660
1763666034,	B0F673HNLP,R3OUWQ4TY2X6I0,sound super,"The Noise air clip 2 truly impresses for its price. The sound is dynamic and immersive, dual drivers and Dolby Atmos with head tracking, making music and movies engaging Active noise cancellation great for commutes or focusing at Battery life is solid, lasting up to 50 hours and Fast charging gives hours of use from just a short charge. Connectivity is superb function is very easy to understand mic quality top notch",5.0,https://www.amazon.in/gp/customer-reviews/R3OUWQ4TY2X6I0,Banti pareehar ,Reviewed in India on 4 August 2025,1,2 people found this helpful,"[""https://m.media-amazon.com/images/I/41AI7TxRGSL.jpg""]",2025-11-20T19:13:54.211670
1763666034,	B0F673HNLP,R1V2V8KGVH8DXT,Awesome product ðŸ‘Œ,"Voice and sound quality is good, it's good for calling ðŸ¤™ but not very good for music and videos watching. Bass quality is lower side, overall value for money..",4.0,https://www.amazon.in/gp/customer-reviews/R1V2V8KGVH8DXT,Ankit Tiwari,Reviewed in India on 7 October 2025,1,,"[""https://m.media-amazon.com/images/I/61PM3uAUAfL.jpg"", ""https://m.media-amazon.com/images/I/61T9Q5ZHtTL.jpg"", ""https://m.media-amazon.com/images/I/617A1b4xNtL.jpg"", ""https://m.media-amazon.com/images/I/61DrQVICxoL.jpg""]",2025-11-20T19:13:54.211685
1763666034,	B0F673HNLP,R2EBEBC27JYCA2,This is a very good product ðŸ‘ŒðŸ‘ŒðŸ‘Œ,Its a very good product . its look is amazing and very comfortable for ears . Total value for money and easy to connect to any type of smart phone also i phone . Voice quality of this earbuds is awesome beyond my expectations. I am using this earbuds almost since 2 days and i got very good feedback. Its battery life is very good and charging is too fast. I recommend everyone to purchase as it is totally value for money and very comfortable.,5.0,https://www.amazon.in/gp/customer-reviews/R2EBEBC27JYCA2,Abhishek Kumar Chaurasiya,Reviewed in India on 4 August 2025,1,4 people found this helpful,"[""https://m.media-amazon.com/images/I/61i4D50U9+L.jpg"", ""https://m.media-amazon.com/images/I/71d-NVdZ8qL.jpg"", ""https://m.media-amazon.com/images/I/710cAHoYTaL.jpg""]",2025-11-20T19:13:54.211701
1763666034,	B0F673HNLP,R1IJ9VPSI33JOX,Comfortable but defective,Itâ€™s more comfortable than in ear ones. But the product I received was defective. Sometimes Left piece either doesnâ€™t work or plays out of synch. Product replacement help wasnâ€™t provided by the Amazon. Disappointing.,1.0,https://www.amazon.in/gp/customer-reviews/R1IJ9VPSI33JOX,Rachana Saxena,Reviewed in India on 15 November 2025,1,,[],2025-11-20T19:13:54.211720
1763666037,B0DQKY3R84,R29Y6NSXZLNUDO,Nirvana airpods,"The boAt Nirvana X TWS in Cosmic Onyx is an outstanding pair of earbuds that delivers a truly premium audio experience! The Knowles dual drivers and Hi-Res LDAC support produce crisp, detailed sound with deep bass and crystal-clear highs. Spatial audio takes immersion to another levelâ€”perfect for music, movies, or gaming. The 4-mic ENx tech ensures excellent call clarity, even in noisy environments. I love the dual pairing feature and seamless app support for customization. Fast charging is super convenient, giving hours of playback in just minutes. The design is sleek and stylish, and they fit comfortably for long listening sessions. Overall, these are top-tier earbuds at an amazing value. Five stars for innovation, sound quality, and style!",5.0,https://www.amazon.in/gp/customer-reviews/R29Y6NSXZLNUDO,Himanshu,Reviewed in India on 25 April 2025,1,7 people found this helpful,"[""https://m.media-amazon.com/images/I/71f-TTWUo9L.jpg"", ""https://m.media-amazon.com/images/I/61HiFAMOTWL.jpg"", ""https://m.media-amazon.com/images/I/71OaL7T9p2L.jpg""]",2025-11-20T19:13:57.027849
1763666037,B0DQKY3R84,R2B61X82WZWM6C,Worth the purchase,Worth the purchase sound quality is great doesnâ€™t disappoint felt light weight and latency is also good does not feel that audio is lagging good for gaming also sound is predictable. Overall nice quality and worth the purchase.,5.0,https://www.amazon.in/gp/customer-reviews/R2B61X82WZWM6C,Parmaik ,Reviewed in India on 14 November 2025,1,,[],2025-11-20T19:13:57.027898
1763666037,B0DQKY3R84,R3BO4NNFFTJHNQ,A LOT OF ISSUES,"To be honest it has been giving really bad experience from the day i bought it. Ihad bought it from Amazon. There are several issues with it. First of all, it has really bad audio quality,and doesn't have bass quality at all. Second, while connecting it to the Boat Hearables app, it doesn't connect the right earbud. So that i cannot control it's features. It also disconnects on its own and could not be able to connect only after a while or an hour. Now, it even gives this crackling sounds while hearing to music. I use my earphones for music and audio only. As an audiophile, i really hated this product. While contacting the Amazon Customer Service, they said that they couldn't return or refund my money. I had contacted them the second day itself after buying. Now it has been more than the 7 days replacement i know but it has been negligence from them when i requested for a replacement that time itself which was early and was eligible for the replacement. I really want this product to be taken from me and given a refund. I would not suggest a replacement now because i don't think this Nirvana Series is good enough. By writing a long paragraph i hope that you could understand my frustration over this earphones.",1.0,https://www.amazon.in/gp/customer-reviews/R3BO4NNFFTJHNQ,Melvin John,Reviewed in India on 2 May 2025,1,10 people found this helpful,"[""https://m.media-amazon.com/images/I/61-SZPRclpL.jpg"", ""https://m.media-amazon.com/images/I/514LEc9clBL.jpg""]",2025-11-20T19:13:57.027926
1763666037,B0DQKY3R84,R1J3EXQVE1IRQ8,Best airdrop,"These boAt Nirvana x are a premium segment earbuds however boat is offering these earbuds in reasonably price. This can do only boat which offers their premium products in budgeted price. These earbuds has 32 dB noise cancellation which helps to more concentrate on your content like songs and calling while travelling. These earbuds are proven as the best earbuds for the professionals as they have to attend a lots of online meetings. The fitting in the ears are proper. The battery life is very amazing and charging time is also not very long, sound clarity is great as you can also connect and control buds with its sensors and use different modes like to have different sound quality like deep base, pure base, normal,etc. You can easily connect it with your mobile and other devices at the same time. Best durable earbuds Highly recommended...!!",5.0,https://www.amazon.in/gp/customer-reviews/R1J3EXQVE1IRQ8,Ranu,Reviewed in India on 20 April 2025,1,One person found this helpful,"[""https://m.media-amazon.com/images/I/31vutbOCVUL.jpg"", ""https://m.media-amazon.com/images/I/41dWS6GpEPL.jpg""]",2025-11-20T19:13:57.027956
1763666037,B0DQKY3R84,R1VI9PYIDOU4LA,Decent and good,"After usage of 10 days, would like to share my experience. Pros: Case and buds design are nice. Calls clarity is really good. Dual pairing and connectivity is good. Sound clarity is good. spatial audio feature for bass lovers and movie lovers and knowles feature is those who want to avoid the bass and enjoy the music. Some features like LDAC, spatial audio, knowles are working good. It has app support, so we can customize the features. Cons: Tws prices is somewhat expensive. Battery is not upto the mark. It consumes more battery if LDAC features is ON. More than one hours if we use, ears will get pain and burning. This tws is purely for audiophiles. Not for normal users.",4.0,https://www.amazon.in/gp/customer-reviews/R1VI9PYIDOU4LA,Dasubabu,Reviewed in India on 18 March 2025,1,9 people found this helpful,"[""https://m.media-amazon.com/images/I/81V1+56sggL.jpg"", ""https://m.media-amazon.com/images/I/71KZricdGDL.jpg"", ""https://m.media-amazon.com/images/I/61SEm9cAP6L.jpg""]",2025-11-20T19:13:57.027978
1763666037,B0DQKY3R84,R3HF70ZWVAVH05,Audiophile Beast,"Nice earphone. Although no Active Noise Cancellation(ANC) present but it's not a very big issue here. Amazing sound quality, crisp and balanced bass, treble and mids. Really astonished that they provide knowles Balanced Armature driver with present equaliser. I'm an audiophile, so it's a good deal for me. LDAC Codec works perfectly. Although it drains lot of energy. A little bulky in size. That's a cons.",5.0,https://www.amazon.in/gp/customer-reviews/R3HF70ZWVAVH05,Dibyendu Sarkar,Reviewed in India on 30 September 2025,1,One person found this helpful,"[""https://m.media-amazon.com/images/I/81LZg8XXc3L.jpg"", ""https://m.media-amazon.com/images/I/81lEFY8hmWL.jpg""]",2025-11-20T19:13:57.027998
1763666037,B0DQKY3R84,R2ZNF47ZHNM64O,"Fine, but not great for the price !!","The media could not be loaded. This is my Nirvana's 2nd purchase in a row from amazon, earlier bought a Nirvana Ion ANC Pro. While Nirvana Ion ANC Pro excels in audio quality & playtime, it had few issues like: -not fit for workouts/running/cycling, keeps slipping-dropping, tried changing bud sizes, no luck.. -slow connections (sometimes as worse as manually redo unpairing-pairing with devices) -super sensitive touch leading to unintended play-pause triggers....confusing Surprisingly, with Nirvana X -audio quality is great (a notch higher than Nirvana Ion ANC in my opinion) -Nirvana X is amazing for workouts/running, it just doesn't slip at all....big wow for that ! -lightening quick bluetooth connections with devices & multi connections -touch controls are smoother BUT also: -Observed few instances where left ear bud went silent for few youtube videos while right side was ok. And it spooked me particularly when at a time i was using the left ear bud 'only' becoz no audio at all, got me looking over for volume controls, relaunching music....putting the bud back to case and waking it up again...retrying -The other day it started working... seems intermittent so i am kind of unsure what may come further !! -battery back-up is a disappointment ! Ran out on me twice after full charge !! Overall, Nirvana X is a good option among others in this segment but in this price it doesn't sound like a deal-breaker",3.0,https://www.amazon.in/gp/customer-reviews/R2ZNF47ZHNM64O,Sagar Sharma,Reviewed in India on 20 June 2025,1,,"[""https://m.media-amazon.com/images/I/51EOLxW+XtL.jpg"", ""https://m.media-amazon.com/images/I/51AyfR1IgcL.jpg"", ""https://m.media-amazon.com/images/I/51I7C3i9DGL.jpg"", ""https://m.media-amazon.com/images/I/61jRn5EO0sL.jpg""]",2025-11-20T19:13:57.028014
1763666039,B0DGV55W2K,R1AO7190ISLS7L,Nice ear plugs,Good quality. Battery life after on charge is about a 4 days. Sound quality is awesome,5.0,https://www.amazon.in/gp/customer-reviews/R1AO7190ISLS7L,Gautam Gupta,Reviewed in India on 27 September 2025,1,,[],2025-11-20T19:13:59.793611
1763666039,B0DGV55W2K,R1RRXKTEGHNB3L,Package is not good,I was really disappointed from the shop when I was open the box I see that it is used by someone person I am very sad from Amazon they make to really care about their customers. The product is good but sad about package and used product by other persons,4.0,https://www.amazon.in/gp/customer-reviews/R1RRXKTEGHNB3L,Mohammadsaif,Reviewed in India on 17 October 2025,1,2 people found this helpful,[],2025-11-20T19:13:59.793625
1763666039,B0DGV55W2K,R1JAFT7V85JK51,My friends complimented the mic quality of this,"Excellent mic quality, that's what I've been hearing from my friends over calls. Decent audio experience I loved these, rarely went out of battery or low battery. There are some issues with connectivity tho, sometimes it'll drop connection if I move more than 4-5m away. The touch sensor on my left side stopped working and I had to get to noise support, issue was resolved they picked up my buds and returned after service with both sides working as they should.",5.0,https://www.amazon.in/gp/customer-reviews/R1JAFT7V85JK51,Aryan Sehgal,Reviewed in India on 1 November 2025,1,,[],2025-11-20T19:13:59.793639
1763666039,B0DGV55W2K,R13LNL4Y5E8F51,"Not worthy unless someone gives you free of cost, Do Not Buy... Waste of Money","The product build quality is not great. The charging box lid is not tight, it easily opens and the earbuds looks good but when you hold it, it looks cheap. Connectivity is fast, as soon as you open a lid the Bluetooth connects easily to the device. It supports dual connectivity but if it is connected to one device then it takes time to connect the second device sometimes it doesn't connect and then you have to unpair or disconnect with the first device. Second issue I observed is after few hours of listening to movies, games and song the right earbud and left earbud were not in sync. I use to hear song in right ear first and then in left ear. Because of this problem I replaced the product but I found this in second product as well so I returned the product. Third thing I didn't like is it's resetting. In manual it is mentioned how to reset the earbuds but it didn't work for me for both times. I even searched on YouTube on how to reset the noise aura earbuds but couldn't find any video particularly for this product. Noise does not provide extra soft earbuds at this price the competitors are providing extra pair. Bass is ok, don't expect much and noise cancellation is also ok, you can hear surrounding voices at home in full volume when listing songs. In traffic or outside if you are on call then other person will hear surrounding sounds Only one thing I loved is the Battery, it is very good. But noise have to work hard on the product development and enhancement. Touch is good not great and not bad as well. It works. Single touch increases or reduces the volume. When you want to use doublenor tripple touch to change the songs etc then it might not work accordingly. It will keep changing volumes. I didn't like this product. I used two products of noise as initially I thought the first product might be defective but same problem I faced with replacement.",1.0,https://www.amazon.in/gp/customer-reviews/R13LNL4Y5E8F51,Placeholder,Reviewed in India on 23 October 2024,1,13 people found this helpful,[],2025-11-20T19:13:59.793653
1763666039,B0DGV55W2K,RRKBECCXW3HI1,Super quality.,Good quality. Best price super. Thank you,5.0,https://www.amazon.in/gp/customer-reviews/RRKBECCXW3HI1, sathish gowda,Reviewed in India on 11 November 2025,1,,"[""https://m.media-amazon.com/images/I/61Bilk5Y9yL.jpg""]",2025-11-20T19:13:59.793692
1763666039,B0DGV55W2K,R1JTP5HP31EPAO,Noise Aura Buds â€“ A Solid Performer at a Great Price,"Iâ€™ve been using the Noise Aura Buds since April, and I must say, theyâ€™ve been an excellent purchase. Sound Quality: The audio output is impressive â€” whether Iâ€™m listening to music, watching movies, or attending meetings, the sound is always clear and immersive. I rarely have to turn the volume up too high, and the bass feels well-balanced without being overwhelming. Call & Mic Performance: Call quality has been consistently reliable. Voices come through crisp and clear, and even during outdoor calls, the mic captures my voice well without much disturbance. It performs equally well indoors. Comfort & Fit: The earbuds fit comfortably and stay secure even during longer use. No ear fatigue, which is a plus for daily usage. Battery Life: Battery performance is solid. A full charge comfortably lasts through multiple uses across the day without needing to recharge frequently. Dual Pairing Feature: One of my favorite features is dual pairing â€” being able to connect both my phone and laptop simultaneously is super convenient, especially when Iâ€™m switching between calls and media. Verdict: For the price, the Noise Aura Buds deliver great value. With good sound, reliable calls, strong battery life, and added features like dual pairing, itâ€™s a product Iâ€™d definitely recommend. Totally worth purchasing.",5.0,https://www.amazon.in/gp/customer-reviews/R1JTP5HP31EPAO,Sourabh Ghosh,Reviewed in India on 18 May 2025,1,11 people found this helpful,[],2025-11-20T19:13:59.793702
1763666042,B0DHHDW7FV,R325NUMP4MDCDO,Best product !!!,"Amazing product. The sound , noise cancelation feature impeccable. Especially at great cost. The design , functionality, everything is too good. The battery life is something I have never seen before. Great purchase !!!",5.0,https://www.amazon.in/gp/customer-reviews/R325NUMP4MDCDO,Abid Khan,Reviewed in India on 8 August 2025,1,3 people found this helpful,[],2025-11-20T19:14:02.356764
1763666042,B0DHHDW7FV,RVWUZXI6IGZQY,worst product from noise,"Product is not good as shown in am facing a connectivity issue I will not automatically disconnect while in case and there is no year sensing birds. They show that if you remove your birds from here, it will sense and it will pass the music or the video thatâ€™s not working and they act will never connect with this earbuds. I will never detect the earbuds. There is an issue with that app also I think who are planning to buy this go to JBL. I prefer that I am returning this product and I am going to JBL only.",1.0,https://www.amazon.in/gp/customer-reviews/RVWUZXI6IGZQY,Gowda,Reviewed in India on 9 November 2025,1,One person found this helpful,[],2025-11-20T19:14:02.356791
1763666042,B0DHHDW7FV,R2UV1FW64F7OC,Good earbuds.....,"The design is also good, the sound quality is also good, the battery is also working well, it is not value for money, the ANC function also works well, the sound quality is also balanced.",4.0,https://www.amazon.in/gp/customer-reviews/R2UV1FW64F7OC,Not premium quality,Reviewed in India on 23 August 2025,1,,"[""https://m.media-amazon.com/images/I/61J2L9vmZxL.jpg"", ""https://m.media-amazon.com/images/I/61JTN4dLOAL.jpg""]",2025-11-20T19:14:02.356828
1763666042,B0DHHDW7FV,R246RXFT7EXN1,Noise cancellation is on point,Noise cancellation is on point.,5.0,https://www.amazon.in/gp/customer-reviews/R246RXFT7EXN1,Vignesh Labam,Reviewed in India on 14 November 2025,1,,[],2025-11-20T19:14:02.356852
1763666042,B0DHHDW7FV,R3SHTUPU17P1YB,Pathetic product,The product was defective the right buds discharges very quick. The case does not closes properly due to which the buds do not disconnect. They are not app compatible. The company doesn't even allow a refund they will replace not refund. How to trust them again when they sent first product turned out defective. First product from noise and highly disappointed.,1.0,https://www.amazon.in/gp/customer-reviews/R3SHTUPU17P1YB,Hemant sachwani,Reviewed in India on 12 October 2025,1,One person found this helpful,[],2025-11-20T19:14:02.356868
1763666042,B0DHHDW7FV,R1ASI0IICFEH6C,Vale for money for its ANC,ANC is quite good. It can be felt immediately. Sound quality also quite good. No pain in wearing for long duration. I am able to connect to my laptop and mobile at the same moment i.e. 2 devices simultaneously. Magnet strength good. Light weight.,5.0,https://www.amazon.in/gp/customer-reviews/R1ASI0IICFEH6C,Sudeep Kumar Agarwal,Reviewed in India on 9 May 2025,1,One person found this helpful,[],2025-11-20T19:14:02.356894
1763666042,B0DHHDW7FV,R1L9L1YGZ2WTBN,Excellent,Excellent,5.0,https://www.amazon.in/gp/customer-reviews/R1L9L1YGZ2WTBN,abhishekraj,Reviewed in India on 15 September 2025,1,,[],2025-11-20T19:14:02.356917
1763666042,B0DHHDW7FV,RS2KFIWVFL9TI,Cld be better,Pros The volume on this is really loud and clear as it has 12.4 mm drivers. Looks elegant Excellent ANC Cons Bass cld be better No app support. This is a striking point tht even after spending so much there's no app support when actually they have a app but it's functionality is for the lower version earbuds 6 which is infact 500 cheaper than this one. I don't know the logic behind this. Also voice activated controls are absent.,3.0,https://www.amazon.in/gp/customer-reviews/RS2KFIWVFL9TI,Yash,Reviewed in India on 25 May 2025,1,One person found this helpful,[],2025-11-20T19:14:02.356931
1763710101,	B0DBHD2F5R,R2JJ52RXS4L1DO,Noce,"Recieved the product with no issues. The device is very good and the anc is okay as well. Keep in mind that both the buds and the case is big. Battery like is good as well (8hrs on each bud. Need to charge the case every 1-2 days if you're a heavy user. If you connect via Google quick connect then in the bluetooth settings you can see the battery percentage of each bud. The app is terrible for tablet devices and if you want to change the mode( like from anc mode--> normal mode) when you are using only one earbud, it tells u to connect both buds. Which defeatz the whole purpose of the app because half your controls you wanted to change are on the other earbud. In ear detection is very good Anc mode works well. If you're in a car, the sounds of the road are removed.keep in mind that the anc mostly removes low end so don't expect anything insane",5.0,https://www.amazon.in/gp/customer-reviews/R2JJ52RXS4L1DO,mil,Reviewed in India on 25 February 2025,1,2 people found this helpful,[],2025-11-21T07:28:21.157689
1764168143,B0DGV56J6G,R2771ZQ2XXZMYE,Waste of money on i spented in it....,Very worst customer support and poor of audio and battery backup...only max level volume reach only audio can heared..otherwise not hearing... And very worst there is no app connectivity for this pure pods to customise the sound effects and so on... Even Other brands are giving their app connectivity for an base priced air pods and other devices.... I'm totally frustrated and thinking that why should I bought this... And there is no return and refund on this product .. this makes me very angry on it.... And I don't know where the enc is ? Noise brand you should update urself for good customer feedback back... Pros : audio is okay and that also on max volume only.... Comfort wear Good call quality,1.0,https://www.amazon.in/gp/customer-reviews/R2771ZQ2XXZMYE,B.K.HARIHARAN,Reviewed in India on 21 July 2025,1,37 people found this helpful,[],2025-11-26T14:42:23.084038
1764168143,B0DGV56J6G,R2VA9FFZZO13VO,Useful,The design of these earplugs is technically very good. One can use them continuously for 5 to 6 hours without causing harm to their ears. Voice quality good. I bought this item twice.,5.0,https://www.amazon.in/gp/customer-reviews/R2VA9FFZZO13VO,Parul,Reviewed in India on 23 November 2025,1,,[],2025-11-26T14:42:23.084063
1764168145,	B0DN171184,RPSQ98JYRJZ8A,Best Earbuds,"I always use Boat ear buds. They are the best. Better than Apple AirPods as they go on for days before re-charging needed. Sound quality is very good. 1 star less only because this particular model doesnâ€™t have the battery status feature, which was there in my previous Boat 141 Earbuds. Very happy with Boat otherwise.",4.0,https://www.amazon.in/gp/customer-reviews/RPSQ98JYRJZ8A,Sonia,Reviewed in India on 22 November 2025,1,,"[""https://m.media-amazon.com/images/I/61aEEHwpAPL.jpg""]",2025-11-26T14:42:25.071804
1764168145,	B0DN171184,R24W0QIOP3SL6K,All Unwanted Features!! Dont Buy!!,"I used to earlier use Boat141 earpods, it was an okay product so brought this Boat Nirvana ION earpods, thinking it will be better then Boat 141, but unforunately it is one of the worst earpods i have used. 1. The sound quality was claimed superior, but not much difference in sound quality as compared to Boat 141. 2. There is this feature that turns off the earpods, only way to turn it on again is to put it back in the case and remove it to turn it ON and no feature to disable it (its a painful feature). 3. There is a feature where you remove your earpods from the ears, it pauses the audio (till now its fine) but if you dont put it back on to your ears within 5 seconds, it disconnects the bluetooth and to reconnect you have again remove the case put it back in the case and again put it on to the ears and again connect the bluetooth (so if you are speaking to someone or just remove your earpods hear an announcement in tain and put it back you are gone) . Thankfully they updated the earpods software and gave an optio to disable it. 4. If you switch between two apps like if i am hearing music on amazon music and if switch to amazon prime or facebook and start watching something there and the audio needs to switch, it most of the times disconnects the bluetooth and again you to put it in the case and put it back to connect and many times you have to do this multiple times to connect. 5. If i am travelling and if i tap the earpods to pause or if my hand or someone elses hand touchs my earpods and it pauses audio and disconnects and again to connect back to the phone i have put the earpods back to the case and put it back to connect. 6. If i pause the music on my amazon music app, many times it disconnects the earpods from the phone and again if i have to connect the bluetooth again i have to put it back in the case and again put it back to ears to connect. 7. The touch sensor of the earpods is in between the silver circle on the boat logo which is very sensitive doesnt work incase of a tap and most of the time if i tap and it pauses the audio it also disconnects the earpods and if earpods get disconnected then to connect back i have to put it back to the case and re-connect. 8. Earpods randomly disconnects from the phone and to connect back i have to put it back to the case and reconnect is painful. 9. When i first want to connect the earpods to the phone the bluetooth needs to be first on to be connected if i put the earppods on and then turn on the phone bluetooth it doesnt connect and even in first case where i keep the bluetooth on and then try to connect the earpods it takes multiple attempts to connect the blueetooth to the phone. 10. They have an APP called boat hearables to support the earpods, which pops up whenver I put the earpods on to my ears asking connect the earpods, and when i try to connect the earpods through the APP it trys for 5 minutes and then comes back telling me it cant connect because the phone has not been connected to the bluetooth, so if I have to connect the earpods to the phone manually then only the app will connect to the earpods then why does the APP ask me to connect the earpods to phone when it cannot, when i connect the phone to the earpods manually it should also connect the app to the earpods instead of popping up messages asking to connect the earpods to the APP and then failing to do so. THE EARPODS ARE VERY PAINFULL TO USE, THE BLUETOOTH DISCONNECTS VERY RANDOMLY AND FOR EVERYTHING AND TO RECONNECT PUTTING IT BACK TO THE CASE AND PUTTING IT ON IS PAINFULL TASK CONSIDERING I AND MANY LIKE ME USE THE EARPODS WHILE TRAVELLING IN TRAINS AND METRO AND THERE IS NO FEATURE TO TURN THIS FEATURE OFF.",1.0,https://www.amazon.in/gp/customer-reviews/R24W0QIOP3SL6K,Ninad,Reviewed in India on 27 June 2024,1,146 people found this helpful,"[""https://m.media-amazon.com/images/I/51ijNFuBFgL.jpg""]",2025-11-26T14:42:25.071846
1764168145,	B0DN171184,R2SZIVZITXA1OC,Pure Bliss for the Ears! ðŸŽ§,"I have owned these since forever now. The boAt Nirvana Ion absolutely lives up to its name â€” pure nirvana. The sound quality is rich, the bass hits just right, and the vocals are crystal clear. The battery life feels almost endless, and the dual EQ modes make switching between chill and thump effortless. Super comfortable for long listening sessions, and the connectivity is instant â€” no drama, no lag. At this price, itâ€™s a steal. The buds do have a tendency of falling off the ear but that's purely a me problem and I am sure its a problem with any TWS worth its sound. The 'kitna deti hai' factor with range is good. It does take me from one room to another with no issues. The build quality, naice! boAt has truly nailed the vibe with this one. Plug in, tune out, and float away. ðŸš€ðŸŽ¶",5.0,https://www.amazon.in/gp/customer-reviews/R2SZIVZITXA1OC,chi,Reviewed in India on 21 October 2025,1,4 people found this helpful,[],2025-11-26T14:42:25.071960
1764168145,	B0DN171184,R1MWF0BQQHHCOB,Sound is very low,Design ok sound is very low after 2 months I am facing blutooth connectivity issues and disconnect problem also charging is good weekly one time is good product quality and price little bit high,3.0,https://www.amazon.in/gp/customer-reviews/R1MWF0BQQHHCOB,DASARI JOHN BABU,Reviewed in India on 27 October 2025,1,One person found this helpful,[],2025-11-26T14:42:25.072001
1764168149,	B0DBHD2F5R,R1CNA2R8XIUCGU,Excellent earebuds,"Very attractive, beautiful sound quality, comfortable fit. Worth buying",5.0,https://www.amazon.in/gp/customer-reviews/R1CNA2R8XIUCGU,PRASANNA Hendre,Reviewed in India on 3 October 2025,1,,[],2025-11-26T14:42:29.449585
1764168149,	B0DBHD2F5R,R2CZUFIVLYL0IA,Niravana ivy boat,"Nice earbuds to use , nice sound quality and Anc works fine",5.0,https://www.amazon.in/gp/customer-reviews/R2CZUFIVLYL0IA,Lakshya upaddhyay,Reviewed in India on 29 April 2025,1,One person found this helpful,[],2025-11-26T14:42:29.449602
1764168149,	B0DBHD2F5R,R6HRKVYL615A8,Worst product,"Unfortunately, I made the mistake of trusting this product. The brand boasts about being the best Indian brand, but that couldnâ€™t be further from the truth. They slap high-end terms like â€œANCâ€ and â€œSPATIALâ€ on their products, but itâ€™s all just marketing gimmicks. The so-called ANC is an absolute jokeâ€”you can hear every little sound around you, making the feature completely useless. To make things even worse, their app is poorly designed. Not everyone wears both earphones at the same time, and I often use just one, but the app doesn't even support that. As a result, the sound quality becomes unbearably bad. Itâ€™s frustrating beyond words. The biggest regret? I didnâ€™t just buy oneâ€”I bought two of these useless products. Both have turned out to be a complete waste of money. The sound is terrible, the features are non-functional, and the brand clearly has no intention of delivering quality. All they care about is making money while fooling customers with false claims. This isnâ€™t just the worst TWS Iâ€™ve ever usedâ€”itâ€™s the worst purchase Iâ€™ve ever made.",1.0,https://www.amazon.in/gp/customer-reviews/R6HRKVYL615A8,Yash Tripathi,Reviewed in India on 27 February 2025,1,2 people found this helpful,[],2025-11-26T14:42:29.449614
1764168149,	B0DBHD2F5R,RJ91D46HL8BV1,Good product,Good product,4.0,https://www.amazon.in/gp/customer-reviews/RJ91D46HL8BV1,Shekhar M.,Reviewed in India on 17 October 2025,1,,[],2025-11-26T14:42:29.449641
1764401669,	B0DN171184,R3DNIJYD9XQO2Q,Good product,"Nice product but it has no multiple connectivity so I had to switch between devices which may sometimes show connectivity problems, Otherwise good experience|No multy conectivitt|good sound quality|good charging capacity|",4.0,https://www.amazon.in/gp/customer-reviews/R3DNIJYD9XQO2Q,Athul,Reviewed in India on 24 November 2025,1,One person found this helpful,[],2025-11-29T07:34:29.980871
1764401669,	B0DN171184,RR3S9JVDTR9BD,exilent,"The quality of the mic is very good and apart from this the vocal sound and bass are all top class, absolutely the best, I would say that this is the best product.",5.0,https://www.amazon.in/gp/customer-reviews/RR3S9JVDTR9BD,Jay kumar,Reviewed in India on 24 November 2025,1,,"[""https://m.media-amazon.com/images/I/61KinJP1I4L.jpg""]",2025-11-29T07:34:29.980902
1764401669,	B0DN171184,RWHWTOPHVIMG3,Overall good,Using it from almost 10 months now. It was really impressive in the starting but after 3 months the battery isn't going so well . But overall a good purchase but sometimes it automatically gets off and on,3.0,https://www.amazon.in/gp/customer-reviews/RWHWTOPHVIMG3,Akshi ,Reviewed in India on 17 November 2025,1,,[],2025-11-29T07:34:29.980924
1764401672,B0DHH96NBB,RR2DV1P97YBJ3,Affordable price with ANC,"Affordable price with ANC & better audio quality - only thing is, when you take off from one ear, the content stops...",4.0,https://www.amazon.in/gp/customer-reviews/RR2DV1P97YBJ3,Amazon Customer,Reviewed in India on 16 August 2025,1,,[],2025-11-29T07:34:32.340865
1764401675,	B0DBHD2F5R,R1L5I2PNOIM5T6,Not yet low quality product,Recived products Not expecting quality Plastic case very low quality,1.0,https://www.amazon.in/gp/customer-reviews/R1L5I2PNOIM5T6,alert500,Reviewed in India on 6 November 2025,1,,"[""https://m.media-amazon.com/images/I/61kMmP5CkWL.jpg""]",2025-11-29T07:34:35.301168
1764401675,	B0DBHD2F5R,R28BT1JH5O01BZ,"Good product, experience too good, dolby sound effects much better","Good product, design ðŸ’¯ After one year good experience",4.0,https://www.amazon.in/gp/customer-reviews/R28BT1JH5O01BZ,Kulwinder Singh,Reviewed in India on 24 November 2025,1,,"[""https://m.media-amazon.com/images/I/71-XHE3TZTL.jpg""]",2025-11-29T07:34:35.301193
1764401677,	B0F673HNLP,R21VZ60YQKYGX9,Sound quality very poort.,"Very bad product, please please not purchase.",1.0,https://www.amazon.in/gp/customer-reviews/R21VZ60YQKYGX9,Rohit Rally,Reviewed in India on 15 November 2025,1,,[],2025-11-29T07:34:37.515922
1764401684,B0DHHDW7FV,RR2DV1P97YBJ3,Affordable price with ANC,"Affordable price with ANC & better audio quality - only thing is, when you take off from one ear, the content stops...",4.0,https://www.amazon.in/gp/customer-reviews/RR2DV1P97YBJ3,Amazon Customer,Reviewed in India on 16 August 2025,1,,[],2025-11-29T07:34:44.904539
1764773074,B0DXPL5XHF,R6L94DKVVXTR9,Entry level premium segment from boAt.,"It's been a month using Zenith pro, average fitting and ANC is good, calls are average, Sound quality is subjective, In my experience it's good and performs Great using Spatial mode. Battery backup is on point. Need to improve in call sounding like a call ends from second person, it doesn't make any sound and it would be better if touch sounds are provided, it's not there. Premium look and stem design. Average bass. Need reworks in bass and in-app custom EQ's. Overall it's a bit okeishh and I brought it for 3k, now the price may vary. Not worth for 3k but you can buy it when it drops.",4.0,https://www.amazon.in/gp/customer-reviews/R6L94DKVVXTR9,Deepak,Reviewed in India on 23 November 2025,1,,[],2025-12-03T14:44:34.352943
1764773084,	B0DN171184,R1DJJ6RCL1DO9L,Outstanding quality and value for money,"This is definitely good product. I was been using JBL previously bought from Canada. I saw the price of this product lower than JBL. I purchased with an intention to use short term expecting this will not last long. But I now after using for 4 months, I can say this product is top quality than JBL eventhough price is low. Best value for money.",5.0,https://www.amazon.in/gp/customer-reviews/R1DJJ6RCL1DO9L,aneesh sasi raghavan,Reviewed in India on 29 November 2025,1,,[],2025-12-03T14:44:44.869757
1764773096,	B0DBHD2F5R,RBPENUZL1ZL39,Not a premium product and no returns/refund,"This is a public service announcement. Boat doesnt return/refund this product unless it's faulty. In my case, left side seemed to not work intermittently and the buds despite using the smallest buds were painful for my ears. However amazon does not provide a return option on the product and redirects you to boat. Boat meanwhile has a not very friendly user interface to raise issues with your product. They only take the product to technically check your device for faults and does not entertain the satisfaction of the customer. Despite raising the issue on the day of the delivery and giving back a pristine product for the check. They refused to understand that this product can't be used by me due to the ill fitting nature of the buds. A loss of 3k. And honestly not worth it. As you can see from the pictures. The plastic seems cheap and lacks finish. As does the default sounds on pairing up, it is loud and harsh and impervious to volume control. Music plays fine. The features are otherwise as mentioned. But as a customer. The service and lack of clarity on return/refund is infuriating and honestly not something to uphold by a company that prides itself on the Indian market. I believe that a product if it can't be returned should mention that in their policy. The reply from customer service is that return/refund is not mentioned therefore not provided. Obfuscating isn't an answer my corporates. Sincerely, frustrated customer.",1.0,https://www.amazon.in/gp/customer-reviews/RBPENUZL1ZL39,shwetha,Reviewed in India on 29 December 2024,1,51 people found this helpful,"[""https://m.media-amazon.com/images/I/613jgi9NL9L.jpg"", ""https://m.media-amazon.com/images/I/61ncAvXDQFL.jpg""]",2025-12-03T14:44:56.483468
1764773096,	B0DBHD2F5R,RB4AZYDFQAS57,Value for money,"Value for money Iâ€™ve been using these earphones for a few days now and Iâ€™m genuinely impressed. The sound quality is crisp, with clear highs and deep bass. Theyâ€™re super comfortable to wear even for long hours, and the build quality feels solid. The mic also works well during callsâ€”no complaints there. For the price, this is a great deal. Totally satisfied with my purchase and would definitely recommend these to anyone looking for a reliable pair of earphones!",5.0,https://www.amazon.in/gp/customer-reviews/RB4AZYDFQAS57,Sumit Chitte,Reviewed in India on 14 June 2025,1,One person found this helpful,"[""https://m.media-amazon.com/images/I/61bjUnqF1cL.jpg"", ""https://m.media-amazon.com/images/I/61pVfCKxbDL.jpg""]",2025-12-03T14:44:56.483504
1764773102,	B0F673HNLP,R8CZAKDAL1QZQ,DO NOT BUY!!! Worst product. Worst Support!,"Product was delivered on the next day. Packaging was good and the Air Clips looked very vey premium. Was very excited to use it. Alas! When you connect your mobile and wear these on your ears, your hands keep reaching your mobile to increase volume. Drastically low volume (even if it is set at highest level). Amazon does not support as there is no damage. Was asked to contact Noise support. Upon contacting them and explaining the troubleshooting steps, The agent asked me to fill out a form when calling ""Complaint Registration"". She said that it might take a total of 16 Days for a resolution as they will take it to the Service center and then diagnose and later fix it. Had filled this form about 4 Hrs ago and am still waiting on the shipment instructions! What's more- All this on the day of delivery and Amazon does not support this anymore as it is not damaged and seem to be a hardware issue. over 10 years as an ardent Amazon customer to see this kind of ""Shrug away"" attitude for a loyal customer! Never every buy this product. One will repent for the money spent, Time wasted and the agony of lack of support!",1.0,https://www.amazon.in/gp/customer-reviews/R8CZAKDAL1QZQ,Deepak R,Reviewed in India on 4 August 2025,1,49 people found this helpful,[],2025-12-03T14:45:02.158776
1764773102,	B0F673HNLP,R3OUBKHUD1MN23,Good,"It has superior bass and the build quality is superb. The battery time is also quite good and gives playback time for 2 days straight. I have tried it on streets and in the office as well, the voice is audible to the other person and does not have difficulty in hearing.It is sturdy and anti slip because of the rubber grip in the ear. Great earpods.. and very affordable. ðŸ’¯âœ…",5.0,https://www.amazon.in/gp/customer-reviews/R3OUBKHUD1MN23,Jesus,Reviewed in India on 9 August 2025,1,,"[""https://m.media-amazon.com/images/I/51BMmvXT5IL.jpg""]",2025-12-03T14:45:02.158831
1764773107,B0DQKY3R84,R1UD0H22IOKOIW,Horrible,"Comparably to oneplus for same price range. It has terrible battery life for both ear buds and case. This was my first purchase of boat. Now i got it ..its a whitelable product probably might cost 500rs or so and boat is reselling them at such price. My suggestion go with One plus for same range. 1.Battery life - For Ear Buds, its hardly 3hr at 80% volume. With 2200 Oneplus, it usually was 6hrs atleast. 2. Battery life - For Case, the case only can charge buds two times and it goes zero. Comparably with ome plus for 2200rs i was able to charge 4times. 3. It has terrible audio mic, means you cant take calls outside as receiver will not be able to listen you. Only good thing is that its size is comfortable with men ears. My suggestion is go with oneplus if you have 2000-3000 budget. Dont waste your money on Boat. In reality its just a 500rs chinese product being resold to indian market. If you have to purchase chinese product then go for a better one. Other pro thing is that it charges quickly but has terrible retention rate.",1.0,https://www.amazon.in/gp/customer-reviews/R1UD0H22IOKOIW,Jagdeep Singh,Reviewed in India on 8 June 2025,1,4 people found this helpful,[],2025-12-03T14:45:07.205978
1764773107,B0DQKY3R84,R1F75ACEUKFP92,Worthy Earbuds for Audio Lovers â€“ Great Value for Money!,"Iâ€™ve been using the boAt Nirvana X for a while now, and I must say, these are solid earbuds for the price I paid (bought for â‚¹2299 with coupon and bank discount during first sale) Audio Quality: Even though there's no ANC, the audio quality more than makes up for it. The Knowles tuning is a game-changer â€“ far better than the default signature sound. If you're into clear vocals and balanced sound, you'll love it. LDAC support is a bonus, especially if you're listening to high-bitrate tracks â€“ the difference is noticeable! Battery & Comfort: Battery life is impressive and easily lasts through long sessions. The case is slightly bulky with a boxy design, and the earbuds themselves are a bit large, but theyâ€™re still quite comfortable and fit well in the ears. Features: Dual pairing works smoothly, and switching between devices is convenient. No connection issues so far. Overall, if you're an audio enthusiast looking for great sound and features like LDAC and dual pairing (and can live without ANC), these are totally worth it at this price!",5.0,https://www.amazon.in/gp/customer-reviews/R1F75ACEUKFP92,Adithya Tech,Reviewed in India on 16 April 2025,1,4 people found this helpful,"[""https://m.media-amazon.com/images/I/61GIT7BnctL.jpg"", ""https://m.media-amazon.com/images/I/61waMjeIiFL.jpg"", ""https://m.media-amazon.com/images/I/61Tc0DBJF0L.jpg""]",2025-12-03T14:45:07.206007
1765006461,B0DXPL5XHF,R20DZHS3GF49K6,Bass is good,Good quality,3.0,https://www.amazon.in/gp/customer-reviews/R20DZHS3GF49K6,Siddhant singh,Reviewed in India on 23 November 2025,1,,[],2025-12-06T07:34:21.598872
1765006466,B0DGV56J6G,RWTAVKYZJMWZT,Good product,Good product,5.0,https://www.amazon.in/gp/customer-reviews/RWTAVKYZJMWZT,Deboshree kar,Reviewed in India on 1 December 2025,1,,[],2025-12-06T07:34:26.279545
1765006466,B0DGV56J6G,R2BK5LU77XDJVL,Scamâ€¦,"Scam. I recently purchased a product that seemed to be a knockoff or imitation of the Huawei freeclip which is around 13000rs. Unfortunately, within just the first three days of use, one of the two units stopped working completely. I attempted to contact Amazon for support, but I was informed that the item is non-returnable, and so far I havenâ€™t received any helpful response or resolution from their end. This has left me in a very frustrating position. I spent my hard-earned money on a product that failed almost immediately, and now I feel stuck with a defective item and no clear way to get support. The listing did not make it clear that the product was non-returnable, nor did it provide any accessible information about how to claim a warranty from the manufacturer â€” if one even exists. At this point, I just want to know how I can get help â€” either through a warranty claim or some kind of replacement or refund process. Itâ€™s disappointing to experience this kind of service, especially when all I did was trust the product listing and make a good-faith purchase.",1.0,https://www.amazon.in/gp/customer-reviews/R2BK5LU77XDJVL,Mjb,Reviewed in India on 10 June 2025,1,24 people found this helpful,"[""https://m.media-amazon.com/images/I/81wxFV1dERL.jpg""]",2025-12-06T07:34:26.279562
1765006471,	B0DN171184,RL7M4BXKSO412,"Good, efficient,Worth of Money","Nice quality, worth of money, good base quality and you don't need to worry about the lifetime of this. Not like other brands (like Mivi, as I purchase them and even after handling with so much care it stop working. For which I need to send it for repair , using for 1 months and sending for repair 2 times). This is good I using this for much time.",5.0,https://www.amazon.in/gp/customer-reviews/RL7M4BXKSO412,Max,Reviewed in India on 2 December 2025,1,,[],2025-12-06T07:34:31.625712
1765006481,	B0DBHD2F5R,R2SLU2FFQIBSH3,Good quality,good product,5.0,https://www.amazon.in/gp/customer-reviews/R2SLU2FFQIBSH3,Abhinav,Reviewed in India on 27 November 2025,1,,[],2025-12-06T07:34:41.524545
1765006486,	B0F673HNLP,R3HRMZL11PWAUX,Very disappointed with the purchase ðŸ˜ž #Purchase #Disappointment #Shopping,"Alright, the fit's okay. I had the Huawei FreeClip before, and these Noise Clip 2s feel a bit bigger and different. They seem kinda bulky compared to the FreeClips, which are, like, 11k more on sale, but they're light enough to wear for a while. I wanted clip-on OWS because I wear glasses and have small ears. Other OWS styles don't work with glasses or hurt my ears. Here's what's good: 1. They're light on my ears. Fit is good enough for my small ears 2. The battery's good, lasting about 5 1/2 hours. 3. The case feels light. 4. Call quality is manageable. Only tried it at home.. Here's what's not so good: 1. They feel like cheap plastic for 3.2k. 2. The volume is super low. That's the biggest issue, defeats the purpose of buds. I also have Truke Liberty OWS, which cost less than half the price. Truke sounds better and louder. I'm really bummed about the sound on the Noise Clip 2. It makes me regret buying them. They sound okay inside the house, where it's quiet (people can easily hear what is playing). You can barely hear anything if people are talking around you. Outside, they're pretty useless. You can barely hear anything, even at full volume. 3. No app from Noise. For 3.2k, they should have basic settings through an app. 4. The gesture controls are weird. Triple tap to play/pause, double tap to answer/end. The gestures are glitchy. They work sometimes, but sometimes you have to try multiple times. I have Truke liberty Ows, tozo ows and huawei freeclips. Based on my experience with other premium, mid range and entry level ows this is a disappointing buy. I expected at least decent performance for the price. I was busy with other things and missed the return window. Now my 3k is down the drain.",2.0,https://www.amazon.in/gp/customer-reviews/R3HRMZL11PWAUX,Phani Tej,Reviewed in India on 8 August 2025,1,4 people found this helpful,"[""https://m.media-amazon.com/images/I/61k50XQyfOL.jpg""]",2025-12-06T07:34:46.366690
